{
  "project_info": {
    "project_number": "657209285490",
    "project_id": "bdr01copy-h762fj",
    "storage_bucket": "bdr01copy-h762fj.appspot.com"
  },
  "client": [
    {
      "client_info": {
        "mobilesdk_app_id": "1:657209285490:android:b4c0e227de3be16bdcdbeb",
        "android_client_info": {
          "package_name": "com.mycompany.bdr01copy"
        }
      },
      "oauth_client": [],
      "api_key": [
        {
          "current_key": "AIzaSyAUPCE6fzc44SDvSItLI-Y_7C_KeP9_XWI"
        }
      ],
      "services": {
        "appinvite_service": {
          "other_platform_oauth_client": []
        }
      }
    }
  ],
  "configuration_version": "1"
}